object_name,object_type,row_count,n_columns,n_distinct_research_id,is_empty,has_version_twin,twin_name,twin_is_higher_version,is_identical_to_twin,is_referenced_by_view,n_view_refs,is_referenced_by_script,n_script_refs,action,destination,reason
__readme,BASE TABLE,115,5,,False,False,,False,,False,0,True,26,LIVE,,referenced by 26 python ref(s)
_molecular_patient_rollup_v227,BASE TABLE,10025,3,10025,False,False,,False,,False,0,True,14,LIVE,,referenced by 14 python ref(s)
analysis_molecular_subset_v1,BASE TABLE,10025,126,10025,False,False,,False,,False,0,True,7,LIVE,,referenced by 7 python ref(s)
canonical_benign_diagnosis_v1,BASE TABLE,6818,18,6734,False,False,,False,,False,0,True,10,LIVE,,referenced by 10 python ref(s)
canonical_diagnosis_unified_v1,BASE TABLE,11028,7,10871,False,False,,False,,False,0,True,16,LIVE,,referenced by 16 python ref(s)
canonical_malignant_diagnosis_v1,BASE TABLE,4441,12,4137,False,False,,False,,False,0,True,10,LIVE,,referenced by 10 python ref(s)
canonical_molecular_tested_v1,BASE TABLE,1286,17,1286,False,False,,False,,False,0,True,20,LIVE,,referenced by 20 python ref(s)
canonical_patient_master,BASE TABLE,10871,1526,10871,False,False,,False,,True,41,True,100,LIVE,,referenced by 100 python ref(s) and 41 view ref(s)
canonical_recurrence_v1,BASE TABLE,10871,12,10871,False,False,,False,,False,0,True,16,LIVE,,referenced by 16 python ref(s)
canonical_survival_followup_v1,BASE TABLE,11504,13,11504,False,False,,False,,False,0,True,13,LIVE,,referenced by 13 python ref(s)
canonical_tumor_characteristics_v1,BASE TABLE,11106,50,8422,False,False,,False,,False,0,True,11,LIVE,,referenced by 11 python ref(s)
canonical_us_nodule_characteristics_v1,BASE TABLE,37016,39,6126,False,False,,False,,False,0,True,18,LIVE,,referenced by 18 python ref(s)
clinical_note_ln_extracted_v1,BASE TABLE,7751,30,3588,False,False,,False,,False,0,True,8,LIVE,,referenced by 8 python ref(s)
clinical_notes_long,BASE TABLE,11050,11,5593,False,False,,False,,False,0,True,87,LIVE,,referenced by 87 python ref(s)
complication_patient_summary_v1,BASE TABLE,2938,18,2938,False,False,,False,,False,0,True,21,LIVE,,referenced by 21 python ref(s)
complication_phenotype_v1,BASE TABLE,5978,29,2938,False,False,,False,,False,0,True,35,LIVE,,referenced by 35 python ref(s)
ct_imaging,BASE TABLE,7701,40,3086,False,False,,False,,False,0,True,40,LIVE,,referenced by 40 python ref(s)
data_dictionary_v266a,BASE TABLE,1590,14,,False,False,,False,,False,0,True,8,LIVE,,referenced by 8 python ref(s)
episode_analysis_resolved_v1_dedup,BASE TABLE,9368,46,9368,False,False,,False,,False,0,True,23,LIVE,,referenced by 23 python ref(s)
ete_adjudication_v1,BASE TABLE,45,8,45,False,False,,False,,False,0,True,15,LIVE,,referenced by 15 python ref(s)
extracted_braf_recovery_v1,BASE TABLE,730,7,376,False,False,,False,,False,0,True,24,LIVE,,referenced by 24 python ref(s)
extracted_complications_refined_v5,BASE TABLE,358,9,287,False,False,,False,,False,0,True,18,LIVE,,referenced by 18 python ref(s)
extracted_ete_subgraded_v1,BASE TABLE,3558,9,3558,False,False,,False,,False,0,True,15,LIVE,,referenced by 15 python ref(s)
extracted_fna_bethesda_v1,BASE TABLE,5249,15,5249,False,False,,False,,False,0,True,23,LIVE,,referenced by 23 python ref(s)
extracted_postop_labs_expanded_v1,BASE TABLE,1395,14,1051,False,False,,False,,False,0,True,20,LIVE,,referenced by 20 python ref(s)
extracted_ras_patient_summary_v1,BASE TABLE,321,7,321,False,False,,False,,False,0,True,21,LIVE,,referenced by 21 python ref(s)
extracted_rln_injury_refined_v2,BASE TABLE,92,12,92,False,False,,False,,False,0,True,24,LIVE,,referenced by 24 python ref(s)
extracted_tirads_validated_v1,BASE TABLE,3439,15,3439,False,False,,False,,False,0,True,31,LIVE,,referenced by 31 python ref(s)
fna_cytology,BASE TABLE,8063,27,5240,False,False,,False,,False,0,True,45,LIVE,,referenced by 45 python ref(s)
fna_episode_master_v2,BASE TABLE,8119,17,5266,False,False,,False,,False,0,True,90,LIVE,,referenced by 90 python ref(s)
fna_history,BASE TABLE,8119,10,5266,False,False,,False,,False,0,True,48,LIVE,,referenced by 48 python ref(s)
imaging_exam_master_v1,BASE TABLE,13347,10,6126,False,False,,False,,False,0,True,8,LIVE,,referenced by 8 python ref(s)
imaging_fna_linkage_v3,BASE TABLE,9911,20,1938,False,False,,False,,False,0,True,30,LIVE,,referenced by 30 python ref(s)
imaging_nodule_master_v1,BASE TABLE,37016,25,6126,False,False,,False,,True,1,True,64,LIVE,,referenced by 64 python ref(s) and 1 view ref(s)
imaging_patient_summary_v1,BASE TABLE,6126,13,6126,False,False,,False,,False,0,True,15,LIVE,,referenced by 15 python ref(s)
lab_cross_wave_dedup_map_v1,BASE TABLE,21761,9,1796,False,False,,False,,False,0,True,5,LIVE,,referenced by 5 python ref(s)
lesion_analysis_resolved_v1,BASE TABLE,11851,28,10871,False,False,,False,,False,0,True,13,LIVE,,referenced by 13 python ref(s)
ln_crossval_v1,BASE TABLE,4290,19,3986,False,False,,False,,False,0,True,7,LIVE,,referenced by 7 python ref(s)
ln_master_rollup_v1,BASE TABLE,4273,78,3986,False,False,,False,,False,0,True,16,LIVE,,referenced by 16 python ref(s)
longitudinal_lab_canonical_cancer_only_v1,VIEW,61374,21,3153,False,False,,False,,True,1,True,1,LIVE,,referenced by 1 python ref(s) and 1 view ref(s)
longitudinal_lab_canonical_v1,BASE TABLE,75247,21,3556,False,False,,False,,True,1,True,60,LIVE,,referenced by 60 python ref(s) and 1 view ref(s)
manuscript_cohort_v1,BASE TABLE,10871,151,10871,False,False,,False,,False,0,True,36,LIVE,,referenced by 36 python ref(s)
molecular_assay_dictionary,BASE TABLE,4,11,,False,False,,False,,False,0,True,13,LIVE,,referenced by 13 python ref(s)
molecular_code_crosswalk,BASE TABLE,44,6,,False,False,,False,,False,0,True,12,LIVE,,referenced by 12 python ref(s)
molecular_ingestion_runs,BASE TABLE,1,7,,False,False,,False,,False,0,True,9,LIVE,,referenced by 9 python ref(s)
molecular_results,BASE TABLE,10861,27,10861,False,False,,False,,False,0,True,25,LIVE,,referenced by 25 python ref(s)
molecular_test_episode_v2,BASE TABLE,10650,43,10026,False,False,,False,,False,0,True,92,LIVE,,referenced by 92 python ref(s)
molecular_testing,BASE TABLE,10861,11,10861,False,False,,False,,False,0,True,49,LIVE,,referenced by 49 python ref(s)
molecular_variant_long,BASE TABLE,1640,22,703,False,False,,False,,False,0,True,22,LIVE,,referenced by 22 python ref(s)
mri_imaging,BASE TABLE,715,41,462,False,False,,False,,False,0,True,36,LIVE,,referenced by 36 python ref(s)
note_entities_complications,BASE TABLE,9359,48,2840,False,False,,False,,False,0,True,45,LIVE,,referenced by 45 python ref(s)
note_entities_genetics,BASE TABLE,1738,48,605,False,False,,False,,False,0,True,46,LIVE,,referenced by 46 python ref(s)
note_entities_llm_airway_invasion,BASE TABLE,11037,23,5641,False,False,,False,,False,0,True,9,LIVE,,referenced by 9 python ref(s)
note_entities_llm_cervical_ln_detail,BASE TABLE,11037,23,5641,False,False,,False,,False,0,True,16,LIVE,,referenced by 16 python ref(s)
note_entities_llm_dynamic_risk_response,BASE TABLE,11037,23,5641,False,False,,False,,False,0,True,10,LIVE,,referenced by 10 python ref(s)
note_entities_llm_frozen_section_detail,BASE TABLE,11037,23,5641,False,False,,False,,False,0,True,8,LIVE,,referenced by 8 python ref(s)
note_entities_llm_functional_outcomes,BASE TABLE,11037,23,5641,False,False,,False,,False,0,True,9,LIVE,,referenced by 9 python ref(s)
note_entities_llm_imaging,BASE TABLE,11037,21,5641,False,False,,False,,False,0,True,12,LIVE,,referenced by 12 python ref(s)
note_entities_llm_labs,BASE TABLE,11037,21,5641,False,False,,False,,False,0,True,13,LIVE,,referenced by 13 python ref(s)
note_entities_llm_parathyroid_detail,BASE TABLE,11037,23,5641,False,False,,False,,False,0,True,8,LIVE,,referenced by 8 python ref(s)
note_entities_llm_past_medical_hx,BASE TABLE,11037,23,5641,False,False,,False,,False,0,True,13,LIVE,,referenced by 13 python ref(s)
note_entities_llm_past_surgical_hx,BASE TABLE,11037,23,5641,False,False,,False,,False,0,True,13,LIVE,,referenced by 13 python ref(s)
note_entities_llm_pathology,BASE TABLE,11037,21,5641,False,False,,False,,False,0,True,14,LIVE,,referenced by 14 python ref(s)
note_entities_llm_patient_decision_adherence,BASE TABLE,11037,23,5641,False,False,,False,,False,0,True,10,LIVE,,referenced by 10 python ref(s)
note_entities_llm_physical_exam,BASE TABLE,11037,21,5641,False,False,,False,,False,0,True,9,LIVE,,referenced by 9 python ref(s)
note_entities_llm_presenting_symptoms,BASE TABLE,11037,23,5641,False,False,,False,,False,0,True,12,LIVE,,referenced by 12 python ref(s)
note_entities_llm_rad_treatment,BASE TABLE,11037,23,5641,False,False,,False,,False,0,True,11,LIVE,,referenced by 11 python ref(s)
note_entities_llm_rai_detailed,BASE TABLE,11037,23,5641,False,False,,False,,False,0,True,9,LIVE,,referenced by 9 python ref(s)
note_entities_llm_recurrence,BASE TABLE,11037,23,5641,False,False,,False,,False,0,True,12,LIVE,,referenced by 12 python ref(s)
note_entities_llm_survival_followup,BASE TABLE,11037,23,5641,False,False,,False,,False,0,True,11,LIVE,,referenced by 11 python ref(s)
note_entities_llm_synoptic_pathology_enrichment,BASE TABLE,11037,23,5641,False,False,,False,,False,0,True,11,LIVE,,referenced by 11 python ref(s)
note_entities_llm_tg_kinetics,BASE TABLE,11037,23,5641,False,False,,False,,False,0,True,11,LIVE,,referenced by 11 python ref(s)
note_entities_llm_tirads_granular,BASE TABLE,11037,23,5641,False,False,,False,,False,0,True,13,LIVE,,referenced by 13 python ref(s)
note_entities_llm_us_nodule_dynamics,BASE TABLE,11037,23,5641,False,False,,False,,False,0,True,9,LIVE,,referenced by 9 python ref(s)
note_entities_llm_vascular_invasion,BASE TABLE,11037,23,5641,False,False,,False,,False,0,True,11,LIVE,,referenced by 11 python ref(s)
note_entities_medications,BASE TABLE,7501,48,2070,False,False,,False,,False,0,True,43,LIVE,,referenced by 43 python ref(s)
note_entities_operative_detail,BASE TABLE,12151,48,4032,False,False,,False,,False,0,True,16,LIVE,,referenced by 16 python ref(s)
note_entities_problem_list,BASE TABLE,11579,48,4037,False,False,,False,,False,0,True,39,LIVE,,referenced by 39 python ref(s)
note_entities_procedures,BASE TABLE,21942,48,4723,False,False,,False,,False,0,True,48,LIVE,,referenced by 48 python ref(s)
note_entities_staging,BASE TABLE,3807,48,1639,False,False,,False,,False,0,True,38,LIVE,,referenced by 38 python ref(s)
nsqip_enrichment,BASE TABLE,1275,94,1261,False,False,,False,,False,0,True,12,LIVE,,referenced by 12 python ref(s)
nsqip_patient_summary,BASE TABLE,1261,94,1261,False,False,,False,,False,0,True,13,LIVE,,referenced by 13 python ref(s)
nuclear_med,BASE TABLE,2220,17,1148,False,False,,False,,False,0,True,35,LIVE,,referenced by 35 python ref(s)
operative_episode_detail_v2,BASE TABLE,9371,39,9368,False,False,,False,,False,0,True,100,LIVE,,referenced by 100 python ref(s)
path_outcome_classification_v1,BASE TABLE,10871,9,10871,False,False,,False,,False,0,True,6,LIVE,,referenced by 6 python ref(s)
path_size_adjudication_v241,BASE TABLE,96,8,96,False,False,,False,,False,0,True,4,LIVE,,referenced by 4 python ref(s)
path_synoptics,BASE TABLE,11688,311,10871,False,False,,False,,False,0,True,136,LIVE,,referenced by 136 python ref(s)
patient_analysis_resolved_v1,BASE TABLE,10871,146,10871,False,False,,False,,False,0,True,37,LIVE,,referenced by 37 python ref(s)
patient_completion_oed_path_linkage_v1,BASE TABLE,11506,24,11506,False,False,,False,,False,0,True,7,LIVE,,referenced by 7 python ref(s)
patient_cross_domain_timeline_v2,BASE TABLE,61055,6,11506,False,False,,False,,False,0,True,18,LIVE,,referenced by 18 python ref(s)
patient_tumor_rollup_v1,BASE TABLE,8422,41,8422,False,False,,False,,False,0,True,14,LIVE,,referenced by 14 python ref(s)
rai_treatment_episode_v2,BASE TABLE,1857,32,862,False,False,,False,,False,0,True,80,LIVE,,referenced by 80 python ref(s)
recurrence_event_clean_v1,BASE TABLE,1946,11,1946,False,False,,False,,False,0,True,19,LIVE,,referenced by 19 python ref(s)
ret_note_entity_adjudication_v226,BASE TABLE,177,13,66,False,False,,False,,False,0,True,4,LIVE,,referenced by 4 python ref(s)
ret_patient_adjudicated_v226,BASE TABLE,66,8,66,False,False,,False,,False,0,True,12,LIVE,,referenced by 12 python ref(s)
serial_imaging_us,BASE TABLE,4162,6,1443,False,False,,False,,False,0,True,21,LIVE,,referenced by 21 python ref(s)
specimen_genomic_assay_v1,BASE TABLE,10370,24,10026,False,False,,False,,False,0,True,17,LIVE,,referenced by 17 python ref(s)
specimen_master_v1,BASE TABLE,10139,17,8422,False,False,,False,,False,0,True,18,LIVE,,referenced by 18 python ref(s)
specimen_source_xref_v1,BASE TABLE,11273,9,,False,False,,False,,False,0,True,10,LIVE,,referenced by 10 python ref(s)
specimen_tumor_focus_v1,BASE TABLE,11103,21,8422,False,False,,False,,False,0,True,24,LIVE,,referenced by 24 python ref(s)
survival_cohort_enriched,BASE TABLE,61134,28,10507,False,False,,False,,False,0,True,31,LIVE,,referenced by 31 python ref(s)
synoptic_tumor_long_v1,BASE TABLE,11103,22,8422,False,False,,False,,False,0,True,37,LIVE,,referenced by 37 python ref(s)
tg_postop_surveillance_windows_v1,BASE TABLE,16184,12,3250,False,False,,False,,False,0,True,11,LIVE,,referenced by 11 python ref(s)
tg_timeline_patient_summary_v1,BASE TABLE,3258,20,3258,False,False,,False,,False,0,True,13,LIVE,,referenced by 13 python ref(s)
thyroglobulin_lab_canonical_cancer_only_v1,VIEW,60385,22,2721,False,False,,False,,True,1,True,1,LIVE,,referenced by 1 python ref(s) and 1 view ref(s)
thyroglobulin_lab_canonical_v1,BASE TABLE,74258,22,3124,False,False,,False,,True,1,True,31,LIVE,,referenced by 31 python ref(s) and 1 view ref(s)
thyroid_sizes,BASE TABLE,11675,16,11671,False,False,,False,,False,0,True,15,LIVE,,referenced by 15 python ref(s)
thyroid_weights,BASE TABLE,10001,9,10001,False,False,,False,,False,0,True,22,LIVE,,referenced by 22 python ref(s)
thyroseq_molecular_enrichment,BASE TABLE,10861,25,10861,False,False,,False,,False,0,True,25,LIVE,,referenced by 25 python ref(s)
tirads_llm_extracted_v2,BASE TABLE,5636,26,1429,False,False,,False,,False,0,True,12,LIVE,,referenced by 12 python ref(s)
tirads_llm_validation_v2,BASE TABLE,1225,27,624,False,False,,False,,False,0,True,4,LIVE,,referenced by 4 python ref(s)
tirads_reextraction_queue_v1,BASE TABLE,4363,7,1316,False,False,,False,,False,0,True,1,LIVE,,referenced by 1 python ref(s)
tumor_episode_master_v2,BASE TABLE,11691,37,10871,False,False,,False,,False,0,True,84,LIVE,,referenced by 84 python ref(s)
tumor_pathology,BASE TABLE,4290,253,3986,False,False,,False,,False,0,True,84,LIVE,,referenced by 84 python ref(s)
tumor_stage_heterogeneity_v1,BASE TABLE,8422,17,8422,False,False,,False,,False,0,True,1,LIVE,,referenced by 1 python ref(s)
ultrasound_reports,BASE TABLE,6793,223,4074,False,False,,False,,False,0,True,45,LIVE,,referenced by 45 python ref(s)
us_nodules_tirads,BASE TABLE,10859,36,10859,False,False,,False,,False,0,True,30,LIVE,,referenced by 30 python ref(s)
us_nodules_tirads_vs_inm_v1_discordance_v1,BASE TABLE,1722,10,1722,False,False,,False,,False,0,True,2,LIVE,,referenced by 2 python ref(s)
